iter	Logloss
0	0.6762650641
1	0.6601465989
2	0.6447456518
3	0.6313633185
4	0.6193521635
5	0.6073849995
6	0.5964836428
7	0.5868789839
8	0.5767059863
9	0.5680228262
10	0.559916755
11	0.5521423187
12	0.5440765955
