iter	Logloss
0	0.6758241137
1	0.6598910176
2	0.6447544797
3	0.6310904541
4	0.6182584198
5	0.6064555362
6	0.5948599401
7	0.5846658157
8	0.5751289346
9	0.5655971331
10	0.5571511624
11	0.5491118747
12	0.5417675837
13	0.534975857
14	0.5290881163
15	0.5234780447
16	0.5181187308
17	0.5126946697
