iter	Logloss
0	0.675561188
1	0.6591146608
2	0.644284639
3	0.6306466332
4	0.6181927731
5	0.6064602844
6	0.5955461295
7	0.5852285437
8	0.5754767788
9	0.5663021598
10	0.5579974555
11	0.5503487019
12	0.5435242116
13	0.5366803682
14	0.530570271
